"#","English","Myanmar","Source","In code?","Notes"
"1","+ Intake Ticket","လက်မှတ် အသစ်","domTranslate","yes",""
"2","90-Day Elapsed","ရက် ၉၀ ကျော်လွန်","domTranslate","yes",""
"3","Account Type","အကောင့် အမျိုးအစား","domTranslate","yes",""
"4","Actions","လုပ်ဆောင်ချက်များ","domTranslate+i18n","yes","i18n key: actions"
"5","Active In-Shop Repairs","ဆိုင်တွင်း ပြုပြင်ဆဲ ပစ္စည်းများ","domTranslate","yes",""
"6","Active Jobs in Shop","ဆိုင်အတွင်း လုပ်ဆောင်နေသော ပြုပြင်မှုများ","i18n","yes","i18n key: dashActiveJobs"
"7","Active POS Register & Checkout","အရောင်းနှင့် ငွေချေစနစ်","i18n","yes","i18n key: posCartTitle"
"8","Active User","အသုံးပြုနေသူ","domTranslate","yes",""
"9","Add","ထည့်မည် ⚠CONFLICT(အသစ်ထည့်မည်)","domTranslate+i18n","yes","i18n key: add"
"10","Add comment","မှတ်ချက် ထည့်မည်","domTranslate","yes",""
"11","Add Customer","ဝယ်ယူသူ ထည့်မည်","domTranslate","yes",""
"12","Add Expense","အသုံးစရိတ် ထည့်မည်","domTranslate","yes",""
"13","Add Income","ဝင်ငွေ ထည့်မည်","domTranslate","yes",""
"14","Add Item","ပစ္စည်း ထည့်မည်","domTranslate","yes",""
"15","Add Part","အပိုပစ္စည်း ထည့်မည် ⚠CONFLICT(အပိုပစ္စည်းထည့်မည်)","domTranslate+i18n","yes","i18n key: addPart"
"16","Add Repairs","ပြုပြင်မှု ထည့်မည်","domTranslate","yes",""
"17","Add RMA","RMA ထည့်မည်","domTranslate","yes",""
"18","Add Service","ဝန်ဆောင်မှု ထည့်မည်","domTranslate","yes",""
"19","Add Supplier","ပေးသွင်းသူ ထည့်မည်","domTranslate","yes",""
"20","Address","လိပ်စာ","domTranslate","yes",""
"21","AI Assistant","AI အကူ ⚠CONFLICT(AI ကူညီမည့်သူ)","domTranslate+i18n","yes","i18n key: aiAssistant"
"22","AI Settings","AI သတ်မှတ်ချက်များ","domTranslate","yes",""
"23","All","အားလုံး","domTranslate","yes",""
"24","All Account Types","အကောင့် အမျိုးအစား အားလုံး ⚠CONFLICT(အကောင့်အမျိုးအစားအားလုံး)","domTranslate+i18n","yes","i18n key: filterAllAccountTypes"
"25","All Categories","အမျိုးအစားအားလုံး","domTranslate+i18n","yes","i18n key: filterAllCategories"
"26","All Checkout Status","ငွေရှင်းမှု အခြေအနေ အားလုံး","domTranslate","yes",""
"27","All Dates","ရက်စွဲအားလုံး","domTranslate","yes",""
"28","All Folders","ဖိုလ်ဒါအားလုံး","domTranslate","yes",""
"29","All Models","မော်ဒယ်အားလုံး","domTranslate","yes",""
"30","All Priorities","ဦးစားပေးအားလုံး","domTranslate","yes",""
"31","All QA Statuses","QA အခြေအနေအားလုံး","i18n","yes","i18n key: filterAllQaStatuses"
"32","All Quality Tiers","အသွင်အပြင် အဆင့်အားလုံး","i18n","yes","i18n key: filterAllTiers"
"33","All RMA Statuses","RMA အခြေအနေအားလုံး","i18n","yes","i18n key: filterAllRmaStatuses"
"34","All Stages","အဆင့်အားလုံး","i18n","yes","i18n key: filterAllStages"
"35","All Statuses","အခြေအနေအားလုံး","domTranslate+i18n","yes","i18n key: filterAllStatuses"
"36","All Stock","စတော့အားလုံး","i18n","yes","i18n key: filterAllStock"
"37","All Technicians","နည်းပညာရှင်အားလုံး","domTranslate+i18n","yes","i18n key: filterAllTechs"
"38","All Tiers","အဆင့်အားလုံး","domTranslate","yes",""
"39","All Time","အချိန်အားလုံး","domTranslate","yes",""
"40","Amount","ပမာဏ","domTranslate","yes",""
"41","Amount Received","ရရှိသည့်ငွေ","domTranslate","yes",""
"42","Apply","အသုံးပြုမည်","domTranslate","yes",""
"43","Are you sure?","သေချာပါသလား?","domTranslate","yes",""
"44","Ask AI about your shop data…","ဆိုင်ဒေတာအကြောင်း AI ကို မေးပါ…","domTranslate","yes",""
"45","Ask the customer to turn off Find My before accepting the device.","စက်လက်ခံရန် ဝယ်ယူသူကို Find My ပိတ်ရန် တောင်းဆိုပါ။","domTranslate","yes",""
"46","Assigned Tech","တာဝန်ပေးထားသည့် နည်းပညာရှင် ⚠CONFLICT(တာဝန်ယူထားသော နည်းပညာရှင်)","domTranslate+i18n","yes","i18n key: assignedTech"
"47","Available Repairs Selection (MMK Pricing)","ရရှိနိုင်သော ပြုပြင်မှုများ ရွေးချယ်ခြင်း (MMK ဈေးနှုန်း)","domTranslate","yes",""
"48","Back","နောက်သို့","domTranslate","yes",""
"49","Back to Ticket","လက်မှတ်သို့ ပြန်သွားမည်","domTranslate","yes",""
"50","Back to Tickets","လက်မှတ်များသို့ ပြန်သွားမည်","domTranslate","yes",""
"51","Backup","အရန်သိမ်းဆည်းမှု","domTranslate","yes",""
"52","Balance","လက်ကျန်","domTranslate","yes",""
"53","Base Price","အခြေခံဈေး","domTranslate","yes",""
"54","Before-Repair Condition Photos","ပြုပြင်မှုမတိုင်မီ အခြေအနေ ဓာတ်ပုံများ","domTranslate","yes",""
"55","Bin","Bin","domTranslate","yes",""
"56","Bottlenecks (>48h)","ကြန့်ကြာနေသည်များ (>၄၈ နာရီ)","i18n","yes","i18n key: filterBottlenecks"
"57","Burmese (Myanmar)","မြန်မာ","domTranslate","yes",""
"58","Calc","တွက်မည် ⚠CONFLICT(တွက်ချက်ရန်)","domTranslate+i18n","yes","i18n key: calc"
"59","Calendar","ပြက္ခဒိန်","domTranslate","yes",""
"60","Calendar Picker","ပြက္ခဒိန် ရွေးချယ်မှု","domTranslate","yes",""
"61","Call","ဖုန်းခေါ်မည်","domTranslate","yes",""
"62","Can't Repair","ပြုပြင်၍မရ","i18n","yes","i18n key: statusCantRepair"
"63","Cancel","ပယ်ဖျက်မည်","domTranslate+i18n","yes","i18n key: cancel"
"64","Cancel Edit","ပြင်ဆင်မှု ပယ်ဖျက်မည်","domTranslate","yes",""
"65","Category","အမျိုးအစား","domTranslate","yes",""
"66","Change","ပြောင်းမည် ⚠CONFLICT(ငွေပြန်)","domTranslate","yes",""
"67","Checklist","စစ်ဆေးစာရင်း","domTranslate","yes",""
"68","Checkout","ငွေရှင်းမည်","domTranslate","yes",""
"69","Choose","ရွေးချယ်မည်","domTranslate","yes",""
"70","Choose Device Model","စက်ပစ္စည်း ရွေးမည်","domTranslate","yes",""
"71","Choose Device Model First","စက်ပစ္စည်း အရင်ရွေးပါ","domTranslate","yes",""
"72","City","မြို့","domTranslate","yes",""
"73","Clear","ရှင်းမည်","domTranslate","yes",""
"74","click for details","အသေးစိတ်ကြည့်ရန် နှိပ်ပါ","domTranslate","yes",""
"75","Click to select Apple iPhone, iPad, MacBook, Watch, or Mac","Apple iPhone, iPad, MacBook, Watch, Mac တို့မှ ရွေးချယ်ရန် နှိပ်ပါ","domTranslate","yes",""
"76","Click to switch","ပြောင်းရန် နှိပ်ပါ","domTranslate","yes",""
"77","Close","ပိတ်မည်","domTranslate+i18n","yes","i18n key: close"
"78","Close menu","မီနူး ပိတ်မည်","domTranslate","yes",""
"79","Collapse sidebar","Sidebar ခေါက်မည်","domTranslate","yes",""
"80","Comment","မှတ်ချက်","domTranslate","yes",""
"81","Comments","မှတ်ချက်များ","domTranslate","yes",""
"82","Completed Today","ယနေ့ ပြီးစီးသည်များ","i18n","yes","i18n key: dashCompletedToday"
"83","Confirm","အတည်ပြုမည်","domTranslate","yes",""
"84","Confirm deletion","ဖျက်ရန် အတည်ပြုပါ","domTranslate","yes",""
"85","Connected","ချိတ်ဆက်ပြီး","domTranslate","yes",""
"86","Connecting…","ချိတ်ဆက်နေသည်…","domTranslate","yes",""
"87","Copied!","ကူးယူပြီးပါပြီ!","i18n","yes","i18n key: copied"
"88","Copy","မိတ္တူကူးမည် ⚠CONFLICT(ကူးယူမည်)","domTranslate+i18n","yes","i18n key: copy"
"89","Cost","ကုန်ကျ","domTranslate","yes",""
"90","Cost Price","ကုန်ကျဈေး","domTranslate","yes",""
"91","Cost, selling price, and expected margin per unit","ကုန်ကျဈေး၊ ရောင်းဈေးနှင့် တစ်ခုစီ၏ မျှော်မှန်း အမြတ်နှုန်း","domTranslate","yes",""
"92","Covered Warranty","အာမခံသက်တမ်း","domTranslate","yes",""
"93","Create","ဖန်တီးမည်","domTranslate","yes",""
"94","Create Ticket","လက်မှတ်ဖန်တီးမည်","i18n","yes","i18n key: createTicket"
"95","Created Date","ဖန်တီးသည့် ရက်စွဲ","i18n","yes","i18n key: createdAt"
"96","created successfully","အောင်မြင်စွာ ဖန်တီးပြီး","domTranslate","yes",""
"97","Currency","ငွေကြေး","domTranslate","yes",""
"98","Currency Symbol","ငွေကြေး သင်္ကေတ","i18n","yes","i18n key: currencySymbol"
"99","Customer","ဝယ်ယူသူ","domTranslate+i18n","yes","i18n key: customer"
"100","Customer & Contact","ဝယ်ယူသူနှင့် ဆက်သွယ်ရန်","domTranslate","yes",""
"101","Customer & Staff Portal","ဝယ်ယူသူနှင့် ဝန်ထမ်း ပေါ်တယ်","domTranslate+i18n","yes","i18n key: navCrm"
"102","Customer Deleted","ဝယ်ယူသူ ဖျက်ပြီး","domTranslate","yes",""
"103","Customer Follow-Ups","ဝယ်ယူသူ ဆက်သွယ်စုံစမ်းရေး","domTranslate+i18n","yes","i18n key: navFollowUp"
"104","Customer Information","ဝယ်ယူသူ အချက်အလက်","domTranslate","yes",""
"105","Customer Name","ဝယ်ယူသူ အမည်","domTranslate+i18n","yes","i18n key: customerName"
"106","Customer Name *","ဝယ်ယူသူ အမည် *","domTranslate","yes",""
"107","Customer Not Repair","ဝယ်ယူသူ မပြုပြင်","i18n","yes","i18n key: statusCustomerNotRepair"
"108","Customer Profile","ဝယ်ယူသူ ကိုယ်ရေးအချက်အလက်","domTranslate","yes",""
"109","Customer Public Portal","ဝယ်ယူသူ အများပြည်သူ ပေါ်တယ်","i18n","yes","i18n key: navPortal"
"110","Customer Relationship Management","ဝယ်ယူသူများ စီမံခန့်ခွဲမှု","i18n","yes","i18n key: crmTitle"
"111","Customer Roster","ဝယ်ယူသူ စာရင်း","domTranslate","yes",""
"112","Customer symptoms or intake notes","ဝယ်ယူသူ၏ ပြဿနာ သို့မဟုတ် မှတ်ချက်","domTranslate","yes",""
"113","Customer Type","ဝယ်ယူသူ အမျိုးအစား","domTranslate","yes",""
"114","Dashboard","ဒက်ရှ်ဘုတ်","domTranslate+i18n","yes","i18n key: navDashboard"
"115","Dashboard & Hardware Analytics","ဒက်ရှ်ဘုတ်နှင့် စက်ပစ္စည်း စာရင်းအင်းများ","i18n","yes","i18n key: navDashboardFull"
"116","Database save failed","Database သိမ်းရန် မအောင်မြင်ပါ","domTranslate","yes",""
"117","Date","ရက်စွဲ","domTranslate","yes",""
"118","Debts","ကြွေးများ","domTranslate","yes",""
"119","Defect Reason","ချွတ်ယွင်းရသည့် အကြောင်းရင်း","domTranslate","yes",""
"120","Defective Part","ချွတ်ယွင်းသော အပိုပစ္စည်း","domTranslate","yes",""
"121","Defective Part & Tier","ချွတ်ယွင်းသော အပိုပစ္စည်းနှင့် အဆင့်","domTranslate","yes",""
"122","Delete","ဖျက်မည်","domTranslate+i18n","yes","i18n key: delete"
"123","Delete Part","အပိုပစ္စည်း ဖျက်မည်","domTranslate","yes",""
"124","deleted successfully","အောင်မြင်စွာ ဖျက်ပြီး","domTranslate","yes",""
"125","Deposit Paid","စလံငွေ ပေးပြီး","i18n","yes","i18n key: deposit"
"126","Description","ဖော်ပြချက်","domTranslate","yes",""
"127","Details","အသေးစိတ်","domTranslate+i18n","yes","i18n key: details"
"128","Device","စက်ပစ္စည်း","i18n","yes","i18n key: device"
"129","Device & Serial/IMEI","စက်ပစ္စည်းနှင့် Serial/IMEI","domTranslate","yes",""
"130","Device Category","စက်ပစ္စည်း အမျိုးအစား","i18n","yes","i18n key: deviceCategory"
"131","Device List","စက်ပစ္စည်း စာရင်း","domTranslate","yes",""
"132","Device Model","စက်ပစ္စည်း မော်ဒယ်","domTranslate+i18n","yes","i18n key: deviceModel"
"133","Device Passcode","Device Passcode","domTranslate","yes",""
"134","Devices Management","စက်ပစ္စည်းများ စီမံခန့်ခွဲမှု","i18n","yes","i18n key: navDevices"
"135","Diagnostics","စစ်ဆေးချက်များ","domTranslate","yes",""
"136","digit(s)","လုံး","domTranslate","yes",""
"137","digits","လုံး","domTranslate","yes",""
"138","Discard","ပယ်ဖျက်မည်","domTranslate","yes",""
"139","Discount","လျှော့စျေး","domTranslate","yes",""
"140","Done","ပြီးပြီ","domTranslate","yes",""
"141","Download","ဒေါင်းလုဒ်","domTranslate","yes",""
"142","Drag and drop tickets between columns to update repair status.","အခြေအနေ ပြောင်းလဲရန် လက်မှတ်များကို ကော်လံများအကြား ဆွဲယူရွှေ့ပြောင်းပါ။","i18n","yes","i18n key: pipelineDragHelp"
"143","Drag cards between columns to update status","အခြေအနေ ပြောင်းရန် ကတ်များကို ကော်လံများကြား ဆွဲယူပါ","domTranslate","yes",""
"144","Due","ပေးရန်","domTranslate","yes",""
"145","Due Today","ယနေ့ သတ်မှတ်","domTranslate","yes",""
"146","Edit","ပြင်မည် ⚠CONFLICT(ပြင်ဆင်မည်)","domTranslate+i18n","yes","i18n key: edit"
"147","Edit Intake Ticket","လက်ခံလက်မှတ် ပြင်ဆင်ခြင်း","domTranslate","yes",""
"148","Edit Part","အပိုပစ္စည်း ပြင်မည်","domTranslate","yes",""
"149","Edit Service","ဝန်ဆောင်မှု ပြင်မည်","domTranslate","yes",""
"150","Editing Existing Ticket","ရှိပြီးသား လက်မှတ်ကို ပြင်ဆင်နေသည်","domTranslate","yes",""
"151","Email","အီးမေးလ်","domTranslate","yes",""
"152","Email Address","အီးမေးလ် လိပ်စာ","i18n","yes","i18n key: email"
"153","English","အင်္ဂလိပ်","domTranslate+i18n","yes","i18n key: english"
"154","Enter customer details, choose the device, add repairs, then complete the intake check.","ဝယ်ယူသူ အချက်အလက် ဖြည့်ပါ၊ စက်ပစ္စည်း ရွေးပါ၊ ပြုပြင်မှုများ ထည့်ပါ၊ ထို့နောက် လက်ခံစစ်ဆေးမှု ပြီးမြောက်ပါ။","domTranslate","yes",""
"155","Error","မှားယွင်းမှု","domTranslate","yes",""
"156","Estimate","ခန့်မှန်းချေ","domTranslate","yes",""
"157","Estimated Cost","ခန့်မှန်းကုန်ကျစရိတ်","i18n","yes","i18n key: estimatedCost"
"158","Existing Customer Profile Matched","ရှိပြီးသား ဝယ်ယူသူနှင့် ကိုက်ညီတွေ့ရှိ","domTranslate","yes",""
"159","Expand sidebar","Sidebar ချဲ့မည်","domTranslate","yes",""
"160","Expense","ကုန်ကျစရိတ်","domTranslate","yes",""
"161","Expenses","ကုန်ကျစရိတ်များ","domTranslate","yes",""
"162","Export","ထုတ်ယူမည်","domTranslate+i18n","yes","i18n key: export"
"163","Export Catalog to CSV","Catalog ကို CSV ထုတ်ယူမည်","domTranslate","yes",""
"164","Filter","စစ်ထုတ်မည် ⚠CONFLICT(စစ်ထုတ်ရန်)","domTranslate+i18n","yes","i18n key: filter"
"165","Filter by account type","အကောင့် အမျိုးအစားအလိုက် စစ်ထုတ်မည်","domTranslate","yes",""
"166","Filter by date","ရက်စွဲအလိုက် စစ်ထုတ်မည်","domTranslate","yes",""
"167","Filter inventory by category","အမျိုးအစားအလိုက် စစ်ထုတ်မည်","domTranslate","yes",""
"168","Filter inventory by quality tier","အရည်အသွေးအလိုက် စစ်ထုတ်မည်","domTranslate","yes",""
"169","Filter Part #, Category, SKU...","အပိုပစ္စည်း နံပါတ်၊ အမျိုးအစား၊ SKU ရှာဖွေပါ...","domTranslate","yes",""
"170","Filter Queue Below","အောက်တွင် စစ်ထုတ်မည်","domTranslate","yes",""
"171","Filter services...","ဝန်ဆောင်မှုများ စစ်ထုတ်ရန်...","domTranslate","yes",""
"172","Final Price","နောက်ဆုံးဈေး","domTranslate","yes",""
"173","Finance","ဘဏ္ဍာရေး","domTranslate","yes",""
"174","FINANCE","ဘဏ္ဍာရေး","i18n","yes","i18n key: navFinance"
"175","Finance 16% Margin","ဘဏ္ဍာရေး","domTranslate","yes",""
"176","Find My Status","Find My အခြေအနေ","domTranslate","yes",""
"177","Finished","ပြီးစီး","i18n","yes","i18n key: statusFinished"
"178","Flag RMA","RMA ပြန်အပ်လွှဲမည်","i18n","yes","i18n key: flagRma"
"179","Folder","ဖိုလ်ဒါ","domTranslate","yes",""
"180","Folder & Catalog Settings","ဖိုလ်ဒါနှင့် Catalog ဆက်တင်များ","domTranslate","yes",""
"181","Follow Up","ဆက်သွယ်စုံစမ်းမည်","domTranslate","yes",""
"182","Follow Ups","ဆက်သွယ်စုံစမ်းရေး","domTranslate","yes",""
"183","Follow-Up","ဆက်သွယ်စုံစမ်းမှု","domTranslate","yes",""
"184","General Settings","အထွေထွေ သတ်မှတ်ချက်များ","domTranslate","yes",""
"185","Generate Invoice","ပြေစာ ထုတ်မည်","domTranslate","yes",""
"186","Global search","ရှာဖွေမည်","domTranslate","yes",""
"187","Global search (⌘K)","ရှာဖွေမည် (⌘K)","domTranslate","yes",""
"188","Gross Profit","အကြမ်းအမြတ်","domTranslate","yes",""
"189","Gross Profit Margin","အကြမ်း အမြတ်နှုန်း","domTranslate","yes",""
"190","Hardware Analytics","စက်ပစ္စည်း စာရင်းအင်း","domTranslate","yes",""
"191","Hardware Analytics 7 Tickets","စက်ပစ္စည်း စာရင်းအင်း","domTranslate","yes",""
"192","Hide","ဝှက်မည်","domTranslate","yes",""
"193","IMEI Number (15 Digits)","IMEI နံပါတ် (၁၅ လုံး)","domTranslate","yes",""
"194","Import","ထည့်သွင်းမည်","i18n","yes","i18n key: import"
"195","In Progress","လုပ်ဆောင်ဆဲ","i18n","yes","i18n key: statusInProgress"
"196","In Stock","လက်ကျန် ⚠CONFLICT(စတော့ ရှိပမာဏ)","domTranslate+i18n","yes","i18n key: quantity"
"197","In-shop repairs","ဆိုင်တွင်း ပြုပြင်မှု","domTranslate","yes",""
"198","In-Shop Repairs","ဆိုင်တွင်း ပြုပြင်မှု","domTranslate","yes",""
"199","Income","ဝင်ငွေ","domTranslate","yes",""
"200","Info","အချက်အလက်","domTranslate","yes",""
"201","Intake Notes","လက်ခံမှတ်ချက်","domTranslate","yes",""
"202","Interactive chronological tracking of repair stages, timestamps, and technician notes.","ပြုပြင်မှု အဆင့်ဆင့်၊ အချိန်နှင့် နည်းပညာရှင် မှတ်စုများ၏ မှတ်တမ်းစာရင်း။","i18n","yes","i18n key: timelineDesc"
"203","Internet connection","အင်တာနက် ချိတ်ဆက်မှု","domTranslate","yes",""
"204","Internet connection required","အင်တာနက် ချိတ်ဆက်မှု လိုအပ်သည်","domTranslate","yes",""
"205","Inventory","ပစ္စည်းစာရင်း","domTranslate","yes",""
"206","INVENTORY","ပစ္စည်းစာရင်း","i18n","yes","i18n key: navInventory"
"207","Inventory 449 Low","ပစ္စည်းစာရင်း","domTranslate","yes",""
"208","Invoice","ပြေစာ","domTranslate","yes",""
"209","Invoice #","ဘေလ်အမှတ် #","i18n","yes","i18n key: posInvoiceNumber"
"210","Item","ပစ္စည်း","domTranslate","yes",""
"211","item(s)","ခု","domTranslate","yes",""
"212","items","ခု","domTranslate","yes",""
"213","Language","ဘာသာစကား","domTranslate+i18n","yes","i18n key: language"
"214","Last Contact","နောက်ဆုံး ဆက်သွယ်မှု","domTranslate","yes",""
"215","Last Month","ပြီးခဲ့သည့်လ","domTranslate","yes",""
"216","Last synced","နောက်ဆုံး ထပ်တူပြုခဲ့သည်","domTranslate","yes",""
"217","Last Updated","နောက်ဆုံးပြင်ဆင်သည့် ရက်စွဲ","i18n","yes","i18n key: updatedAt"
"218","Less","လျှော့","domTranslate","yes",""
"219","Live Database Status","Database အခြေအနေ","domTranslate","yes",""
"220","Live database unavailable","Database ချိတ်ဆက်၍မရပါ","domTranslate","yes",""
"221","Live Supabase data","Supabase data အွန်လိုင်း","domTranslate","yes",""
"222","Loading","လုပ်ဆောင်နေသည်","domTranslate","yes",""
"223","Loading…","လုပ်ဆောင်နေသည်…","domTranslate","yes",""
"224","Log Status Transition","အခြေအနေပြောင်းလဲမှု မှတ်တမ်းတင်မည်","i18n","yes","i18n key: logStatus"
"225","Logout","ထွက်မည်","domTranslate","yes",""
"226","Low","နည်း","domTranslate","yes",""
"227","Low Stock","လက်ကျန် နည်း","domTranslate","yes",""
"228","Low Stock Alerts","စတော့နည်းပါးမှု သတိပေးချက်","i18n","yes","i18n key: dashLowStockAlerts"
"229","MANAGEMENT","စီမံခန့်ခွဲမှု","i18n","yes","i18n key: navManagement"
"230","Margin","အမြတ်နှုန်း","domTranslate","yes",""
"231","Mark All N/A","အားလုံး N/A မှတ်မည်","domTranslate","yes",""
"232","Mark All Pass","အားလုံး Pass မှတ်မည်","domTranslate","yes",""
"233","Matrix","Matrix","domTranslate","yes",""
"234","Micro-Soldering Lab","မိုက်ခရို ဂဟေဆက်ဓာတ်ခွဲခန်း","i18n","yes","i18n key: navMicroSoldering"
"235","Model","မော်ဒယ်","domTranslate+i18n","yes","i18n key: model"
"236","Monthly Revenue","ဒီလ ဝင်ငွေ","i18n","yes","i18n key: dashRevenueThisMonth"
"237","More","နောက်ထပ်","domTranslate","yes",""
"238","My Jobs","ကျွန်ုပ်၏ လုပ်ငန်းများ","domTranslate","yes",""
"239","Myanmar (မြန်မာ)","မြန်မာ","i18n","yes","i18n key: burmese"
"240","Name","အမည်","domTranslate","yes",""
"241","Net Profit","အသားတင်အမြတ်","domTranslate","yes",""
"242","Net Profit Margin","အသားတင် အမြတ်နှုန်း","domTranslate","yes",""
"243","New","အသစ်","domTranslate","yes",""
"244","New Intake Ticket","လက်ခံလက်မှတ် အသစ်","domTranslate","yes",""
"245","New Intake Ticket Registration","ပြုပြင်ရေး လက်မှတ်အသစ် စာရင်းသွင်းခြင်း","domTranslate+i18n","yes","i18n key: navCreateTicket"
"246","New RMA","RMA အသစ်","domTranslate","yes",""
"247","New Ticket","လက်မှတ်အသစ်","i18n","yes","i18n key: newTicket"
"248","Next","ရှေ့သို့","domTranslate","yes",""
"249","Next Follow-Up","နောက်ထပ် ဆက်သွယ်မည့်ရက်","domTranslate","yes",""
"250","Next: choose a device model to unlock repairs","နောက်တစ်ဆင့်: ပြုပြင်မှုများ ရရှိရန် စက်ပစ္စည်း ရွေးပါ","domTranslate","yes",""
"251","Next: tap ""+ Add Repairs"" to build the estimate","နောက်တစ်ဆင့်: ခန့်မှန်းချေ တွက်ရန် ""+ Add Repairs"" နှိပ်ပါ","domTranslate","yes",""
"252","No","မဟုတ်ပါ","domTranslate","yes",""
"253","No inventory components found matching your filter","စစ်ထုတ်မှုနှင့် ကိုက်ညီသော ပစ္စည်း မတွေ့ပါ","domTranslate","yes",""
"254","No matches for","ကိုက်ညီမှုမရှိပါ —","domTranslate","yes",""
"255","No saved bins yet — type a new bin above.","Bin များ မသိမ်းရသေးပါ — အပေါ်တွင် Bin အသစ် ရိုက်ထည့်ပါ။","domTranslate","yes",""
"256","No saved inventory data yet","သိမ်းထားသော ပစ္စည်းစာရင်း မရှိသေးပါ","domTranslate","yes",""
"257","No tracking yet","ခြေရာခံ မရှိသေးပါ","domTranslate","yes",""
"258","None","မရှိ","domTranslate","yes",""
"259","Note","မှတ်ချက်","domTranslate","yes",""
"260","Notes","မှတ်ချက်များ","domTranslate","yes",""
"261","Off","ပိတ်","domTranslate","yes",""
"262","Offline","အော့ဖ်လိုင်း","domTranslate","yes",""
"263","OK","OK","domTranslate","yes",""
"264","ON","ဖွင့်","domTranslate","yes",""
"265","Online","အွန်လိုင်း","domTranslate","yes",""
"266","Open","ဖွင့်မည်","domTranslate","yes",""
"267","Open AI Assistant","AI အကူ ဖွင့်မည်","domTranslate","yes",""
"268","Open AI Diagnostic Assistant","AI စစ်ဆေးရေး အကူ ဖွင့်မည်","domTranslate","yes",""
"269","Open Interactive Pipeline","Interactive Pipeline ဖွင့်မည်","domTranslate","yes",""
"270","Out of Stock","ပြတ်လပ်","domTranslate","yes",""
"271","Outstanding","ကျန်ရှိငွေ","domTranslate","yes",""
"272","Outstanding Debts","ကျန်ရှိ ကြွေးများ","domTranslate","yes",""
"273","Overdue","နောက်ကျနေ","domTranslate","yes",""
"274","P&L Statement","အမြတ်/ဆုံးရှုံး စာရင်း","domTranslate","yes",""
"275","Paid","ပေးပြီး","domTranslate","yes",""
"276","Part","အပိုပစ္စည်း","domTranslate","yes",""
"277","Part #","အပိုပစ္စည်း နံပါတ်","domTranslate","yes",""
"278","Part Name","အပိုပစ္စည်း အမည်","domTranslate+i18n","yes","i18n key: partName"
"279","Part Name & SKU","အပိုပစ္စည်း အမည်နှင့် SKU","domTranslate","yes",""
"280","Parts","အပိုပစ္စည်းများ","domTranslate","yes",""
"281","Parts Inventory & Stock Matrix","အပိုပစ္စည်းနှင့် စတော့ Matrix ⚠CONFLICT(အပိုပစ္စည်းနှင့် စတော့စာရင်း Matrix)","domTranslate+i18n","yes","i18n key: navPartsMatrix"
"282","Password","စကားဝှက်","domTranslate","yes",""
"283","Pay Now","ယခု ပေးချေမည်","domTranslate","yes",""
"284","Payment Method","ငွေပေးချေမှု နည်းလမ်း","domTranslate","yes",""
"285","Payout","ပေးချေမှု","domTranslate","yes",""
"286","pending","စောင့်ဆိုင်း","domTranslate","yes",""
"287","Pending","စောင့်ဆိုင်း","i18n","yes","i18n key: statusPending"
"288","Pending Payment","ငွေပေးချေရန် စောင့်ဆိုင်း","domTranslate","yes",""
"289","Pending writes","စောင့်ဆိုင်းနေသော သိမ်းဆည်းမှုများ","domTranslate","yes",""
"290","Permissions","ခွင့်ပြုချက်များ","domTranslate","yes",""
"291","Phone","ဖုန်း","domTranslate","yes",""
"292","Phone Number","ဖုန်းနံပါတ်","domTranslate+i18n","yes","i18n key: phone"
"293","Phone Number *","ဖုန်းနံပါတ် *","domTranslate","yes",""
"294","Pipeline","လုပ်ငန်းစဉ် လိုင်း","i18n","yes","i18n key: navPipeline"
"295","POS & Invoicing Portal","အရောင်းနှင့် ဘေလ်ဖြတ်ပိုင်း ပေါ်တယ်","domTranslate+i18n","yes","i18n key: navPos"
"296","Previous Period","ယခင်ကာလ","domTranslate","yes",""
"297","Price","ဈေးနှုန်း","domTranslate","yes",""
"298","Price Catalog","ဈေးနှုန်း Catalog","domTranslate","yes",""
"299","Price List","ဈေးနှုန်းစာရင်း","domTranslate+i18n","yes","i18n key: navPriceList"
"300","Print","ပုံနှိပ်မည်","domTranslate","yes",""
"301","Print Invoice","ပြေစာ ပုံနှိပ်မည်","domTranslate","yes",""
"302","Print Tag","တံဆိပ်ရိုက်နှိပ်မည်","i18n","yes","i18n key: print"
"303","Priority","ဦးစားပေး","domTranslate","yes",""
"304","Process Payment","ငွေပေးချေမှု ပြုလုပ်မည်","i18n","yes","i18n key: posPay"
"305","Profit / Loss","အမြတ် / ဆုံးရှုံး","domTranslate","yes",""
"306","Profit / Unit","တစ်ခု အမြတ်","domTranslate","yes",""
"307","Profit Analysis","အမြတ် စစ်ဆေးမှု","domTranslate","yes",""
"308","Profit Margin","အမြတ်နှုန်း","domTranslate","yes",""
"309","QA & Warranty Inspection","စစ်ဆေးရေးနှင့် အာမခံ စစ်ဆေးမှု","domTranslate+i18n","yes","i18n key: navQa"
"310","QA Inspection","QA စစ်ဆေးမှု","domTranslate","yes",""
"311","Quality","အရည်အသွေး","domTranslate","yes",""
"312","Quality Tier","အရည်အသွေး အဆင့်","domTranslate","yes",""
"313","Quantity","အရေအတွက်","domTranslate","yes",""
"314","Quick Price Calculator","အမြန် ဈေးတွက်စက်","domTranslate","yes",""
"315","Realistic Color","အရောင်အစစ်","domTranslate","yes",""
"316","Receive","လက်ခံရရှိ","i18n","yes","i18n key: statusReceive"
"317","Recent Work Orders","လတ်တလော ပြုပြင်ရေး လက်မှတ်များ","i18n","yes","i18n key: dashRecentWorkOrders"
"318","Recycle Bin","အမှိုက်ပုံး","i18n","yes","i18n key: recycleBin"
"319","Recycle Bin & Archived Tickets","အမှိုက်ပုံးနှင့် မှတ်တမ်းသိမ်း လက်မှတ်များ","domTranslate","yes",""
"320","Refresh","ပြန်လည်ရယူမည် ⚠CONFLICT(ပြန်လည်စတင်ရန်)","domTranslate+i18n","yes","i18n key: refresh"
"321","Refresh Data Now","ယခု ပြန်လည်ရယူမည်","domTranslate","yes",""
"322","Refreshing…","ပြန်လည်ရယူနေသည်…","domTranslate","yes",""
"323","Register Device","စက်ပစ္စည်း မှတ်ပုံတင်မည်","i18n","yes","i18n key: registerDevice"
"324","Register Device & Generate Voucher","စက်ပစ္စည်း စာရင်းသွင်းပြီး Voucher ထုတ်မည်","domTranslate","yes",""
"325","Registering…","စာရင်းသွင်းနေသည်…","domTranslate","yes",""
"326","Remaining","ကျန်ငွေ","domTranslate","yes",""
"327","Remarks","မှတ်ချက်","domTranslate","yes",""
"328","Remove","ဖယ်ရှားမည်","domTranslate","yes",""
"329","Reorder Point","ပြန်မှာရန် သတ်မှတ်ချက် ⚠CONFLICT(ပြန်လည်မှာယူမည့် ပမာဏ)","domTranslate+i18n","yes","i18n key: reorderLevel"
"330","REPAIR","ပြုပြင်ရေး","i18n","yes","i18n key: navRepair"
"331","Repair History","ပြုပြင်ခဲ့သည့် မှတ်တမ်း","i18n","yes","i18n key: crmRepairHistory"
"332","Repair Shop Operating System","စက်ပစ္စည်းပြုပြင်ရေးဆိုင် စီမံခန့်ခွဲမှုစနစ်","i18n","yes","i18n key: appSubtitle"
"333","RepairDesk Pro ERP","RepairDesk Pro ပြုပြင်ရေး ERP","i18n","yes","i18n key: appTitle"
"334","Repairs","ပြုပြင်မှု","domTranslate","yes",""
"335","Reported Issue","သတင်းပို့ထားသော ချို့ယွင်းချက်","i18n","yes","i18n key: issueReported"
"336","Reschedule","ပြန်ချိန်းမည်","domTranslate","yes",""
"337","Reset","ပြန်သတ်မှတ်မည် ⚠CONFLICT(မူလအတိုင်းပြန်ထားမည်)","domTranslate+i18n","yes","i18n key: reset"
"338","Reset active search & filters","ရှာဖွေမှုနှင့် စစ်ထုတ်မှုများ ပြန်သတ်မှတ်မည်","domTranslate","yes",""
"339","Reset Draft","အကြမ်းဖျဉ်း ပြန်သတ်မှတ်မည်","domTranslate","yes",""
"340","Reset Filters","စစ်ထုတ်မှု ပြန်သတ်မှတ်မည်","domTranslate","yes",""
"341","Reset settings draft","ဆက်တင် အကြမ်းဖျဉ်း ပြန်သတ်မှတ်မည်","domTranslate","yes",""
"342","Retry","ထပ်စမ်းမည်","domTranslate","yes",""
"343","Return Tracking","ပြန်အပ် ခြေရာခံ","domTranslate","yes",""
"344","Revenue","ဝင်ငွေ","domTranslate","yes",""
"345","RMA # & Date","RMA နံပါတ်နှင့် ရက်စွဲ","domTranslate","yes",""
"346","Role","အခန်းကဏ္ဍ","domTranslate","yes",""
"347","Save","သိမ်းမည် ⚠CONFLICT(သိမ်းဆည်းမည်)","domTranslate+i18n","yes","i18n key: save"
"348","Save all settings","ဆက်တင်အားလုံး သိမ်းမည်","domTranslate","yes",""
"349","Save All Settings","ဆက်တင်အားလုံး သိမ်းမည်","domTranslate","yes",""
"350","Save Changes","ပြောင်းလဲမှုများ သိမ်းမည်","domTranslate","yes",""
"351","Save Error — Check Connection","သိမ်းရာတွင် အမှား — ချိတ်ဆက်မှု စစ်ဆေးပါ","domTranslate","yes",""
"352","Save Ticket Changes","လက်မှတ် ပြောင်းလဲမှုများ သိမ်းမည်","domTranslate","yes",""
"353","Saved","သက်သာငွေ","domTranslate","yes",""
"354","saved successfully","အောင်မြင်စွာ သိမ်းဆည်းပြီး","domTranslate","yes",""
"355","Scan","စကင်ဖတ်မည်","domTranslate","yes",""
"356","Scan QR / Barcode","QR / Barcode ဖတ်မည်","domTranslate","yes",""
"357","Search","ရှာဖွေမည်","domTranslate","yes",""
"358","Search Name, Phone, Email...","အမည်၊ ဖုန်း၊ အီးမေးလ် ရှာဖွေပါ...","domTranslate","yes",""
"359","Search Ticket #, Customer, Model, IMEI...","လက်မှတ် နံပါတ်၊ ဝယ်ယူသူ၊ မော်ဒယ်၊ IMEI ရှာဖွေပါ...","domTranslate","yes",""
"360","Search Ticket #, Customer, Phone...","လက်မှတ် နံပါတ်၊ ဝယ်ယူသူ၊ ဖုန်း ရှာဖွေပါ...","domTranslate","yes",""
"361","Search tickets, parts, customers","လက်မှတ်၊ အပိုပစ္စည်း၊ ဝယ်ယူသူ ရှာဖွေပါ","domTranslate","yes",""
"362","Search tickets, parts, customers…","လက်မှတ်၊ အပိုပစ္စည်း၊ ဝယ်ယူသူ ရှာဖွေပါ…","domTranslate","yes",""
"363","Search Vendor, Part, RMA #...","ပေးသွင်းသူ၊ အပိုပစ္စည်း၊ RMA နံပါတ် ရှာဖွေပါ...","domTranslate","yes",""
"364","Search...","ရှာဖွေပါ...","i18n","yes","i18n key: search"
"365","Select","ရွေးမည်","domTranslate","yes",""
"366","Select a device model first to see real color options","အရောင်အစစ်များ ကြည့်ရန် စက်ပစ္စည်း အရင်ရွေးပါ","domTranslate","yes",""
"367","Select Device Model","စက်ပစ္စည်း ရွေးပါ","domTranslate","yes",""
"368","Select Model","ရွေးမည်","domTranslate","yes",""
"369","Selected Color","ရွေးထားသော အရောင်","domTranslate","yes",""
"370","Selling","ရောင်းဈေး","domTranslate","yes",""
"371","Selling Price","ရောင်းဈေး","domTranslate","yes",""
"372","Serial / IMEI Number","စီရီရယ် / IMEI နံပါတ်","i18n","yes","i18n key: serialOrImei"
"373","Serial Number","Serial Number","domTranslate","yes",""
"374","Serial Number & IMEI Information","Serial Number နှင့် IMEI အချက်အလက်","domTranslate","yes",""
"375","Settings","ဆက်တင်များ","domTranslate+i18n","yes","i18n key: settings"
"376","Share","မျှဝေမည်","domTranslate","yes",""
"377","Shop Finance & P&L Engine","ဆိုင်ဘဏ္ဍာရေးနှင့် အမြတ်/ဆုံးရှုံး စာရင်း","domTranslate","yes",""
"378","Shop Name","ဆိုင်အမည်","i18n","yes","i18n key: shopName"
"379","Show","ပြမည်","domTranslate","yes",""
"380","SKU / Part #","ပစ္စည်း အမှတ်","i18n","yes","i18n key: skuNumber"
"381","Snooze","ရွှေ့ဆိုင်းမည်","domTranslate","yes",""
"382","SPECIALIZED","အထူးပြုစနစ်","i18n","yes","i18n key: navSpecialized"
"383","Staff","ဝန်ထမ်း","domTranslate","yes",""
"384","Stage","အဆင့်","domTranslate","yes",""
"385","Stage & Status","အဆင့်နှင့် အခြေအနေ","domTranslate","yes",""
"386","Stagnant Ticket Alert (>48 Hours Unchanged)","သတိပေးချက်: ၄၈ နာရီကျော် မပြောင်းလဲသေးသော လက်မှတ်","i18n","yes","i18n key: stagnantWarning"
"387","Stagnant Tickets (>48h)","ကြန့်ကြာနေသော လက်မှတ်များ (>၄၈ နာရီ)","i18n","yes","i18n key: dashStagnantJobs"
"388","Start with Step 1 — customer name & phone","အဆင့် ၁ မှ စတင်ပါ — ဝယ်ယူသူ အမည်နှင့် ဖုန်း","domTranslate","yes",""
"389","Status","အခြေအနေ","domTranslate","yes",""
"390","Status Queue","အခြေအနေ အစီအစဉ်","domTranslate","yes",""
"391","Status Queue 2 Active","အခြေအနေ အစီအစဉ်","domTranslate","yes",""
"392","Status Transition Timeline & Audit Trail","အခြေအနေ ပြောင်းလဲမှု မှတ်တမ်းလိုင်း","i18n","yes","i18n key: timelineTitle"
"393","Stock","လက်ကျန်","domTranslate","yes",""
"394","Stock Quantity","လက်ကျန် အရေအတွက်","domTranslate","yes",""
"395","Submit","တင်သွင်းမည်","domTranslate","yes",""
"396","Subtotal","ပစ္စည်းစုစုပေါင်း","domTranslate","yes",""
"397","Success","အောင်မြင်သည်","domTranslate","yes",""
"398","Supabase database","Supabase database","domTranslate","yes",""
"399","Supplier","ပေးသွင်းသူ","domTranslate","yes",""
"400","Supplier Debts","ပေးသွင်းသူ ကြွေးများ","domTranslate","yes",""
"401","Suppliers & Vendor RMAs","ပစ္စည်းပေးသွင်းသူနှင့် RMA များ ⚠CONFLICT(ပစ္စည်းပေးသွင်းသူနှင့် အာမခံ ပြန်အပ်လွှဲ)","domTranslate+i18n","yes","i18n key: navSuppliers"
"402","Symptoms / Service","လက္ခဏာ / ဝန်ဆောင်မှု","domTranslate","yes",""
"403","System Language","စနစ် ဘာသာစကား","domTranslate","yes",""
"404","System Language & Localization","စနစ် ဘာသာစကားနှင့် ဒေသသတ်မှတ်ချက်","domTranslate","yes",""
"405","System Management","စနစ် စီမံခန့်ခွဲမှု","domTranslate+i18n","yes","i18n key: navSettings"
"406","System online","စနစ် အွန်လိုင်း","domTranslate","yes",""
"407","System Settings & Branding","စနစ် ဆက်တင်နှင့် အမှတ်တံဆိပ်","i18n","yes","i18n key: settingsTitle"
"408","Take / Add Photo","ဓာတ်ပုံ ရိုက်/ထည့်မည်","domTranslate","yes",""
"409","Taken Out","ထုတ်ယူသွား","i18n","yes","i18n key: statusTakenOut"
"410","Tax Rate (%)","အခွန်နှုန်း (%)","i18n","yes","i18n key: taxRate"
"411","Technician","နည်းပညာရှင်","domTranslate","yes",""
"412","Technician Payouts","နည်းပညာရှင် ပေးချေမှုများ","domTranslate","yes",""
"413","Technician Workload","နည်းပညာရှင်များ ဝန်ထမ်းဆောင်မှု","i18n","yes","i18n key: dashTechnicianPerformance"
"414","Technicians","နည်းပညာရှင်များ","domTranslate","yes",""
"415","Technicians 3 Staff","နည်းပညာရှင်များ","domTranslate","yes",""
"416","Theme Color Palette","အပြင်အဆင် ရောင်စုံ","i18n","yes","i18n key: themePreset"
"417","This action cannot be undone","ဤလုပ်ဆောင်ချက်ကို ပြန်၍မရနိုင်ပါ","domTranslate","yes",""
"418","This ERP uses live Supabase data only. Reconnect to open the system.","ဤ ERP သည် live Supabase data ကိုသာ သုံးသည်။ စနစ်ဖွင့်ရန် ပြန်ချိတ်ဆက်ပါ။","domTranslate","yes",""
"419","This Month","ယခုလ","domTranslate","yes",""
"420","This Week","ယခုအပတ်","domTranslate","yes",""
"421","Ticket #","လက်မှတ် နံပါတ်","domTranslate","yes",""
"422","Ticket # & Date","လက်မှတ် နံပါတ်နှင့် ရက်စွဲ","domTranslate","yes",""
"423","Time","အချိန်","domTranslate","yes",""
"424","Today","ယနေ့","domTranslate","yes",""
"425","Toggle Navigation Menu","မီနူး ဖွင့်/ပိတ်မည်","domTranslate","yes",""
"426","Total","စုစုပေါင်း","domTranslate","yes",""
"427","Total Amount","စုစုပေါင်း ပမာဏ","i18n","yes","i18n key: posTotal"
"428","Total Due","ပေးရမည့် စုစုပေါင်း","domTranslate","yes",""
"429","Total Expenses","စုစုပေါင်း ကုန်ကျစရိတ်","domTranslate","yes",""
"430","Total Orders","မှာယူမှု စုစုပေါင်း","domTranslate","yes",""
"431","Total Revenue","စုစုပေါင်း ဝင်ငွေ","domTranslate","yes",""
"432","Total Spent","သုံးစွဲမှု စုစုပေါင်း ⚠CONFLICT(စုစုပေါင်း သုံးစွဲမှု)","domTranslate+i18n","yes","i18n key: crmTotalSpent"
"433","Total Tickets","လက်မှတ် စုစုပေါင်း","domTranslate","yes",""
"434","Town","မြို့","domTranslate","yes",""
"435","Town / City","မြို့","domTranslate","yes",""
"436","Type","အမျိုးအစား","domTranslate","yes",""
"437","Type at least 2 characters — search covers tickets, parts & customers.","စာလုံး ၂ လုံးထက် ရိုက်ပါ — လက်မှတ်၊ အပိုပစ္စည်းနှင့် ဝယ်ယူသူ အားလုံးတွင် ရှာဖွေပါမည်။","domTranslate","yes",""
"438","Unassigned","တာဝန်မပေးရသေးပါ","i18n","yes","i18n key: unassigned"
"439","Unavailable","မရရှိနိုင်ပါ","domTranslate","yes",""
"440","Unit Price","တစ်ခုဈေး ⚠CONFLICT(တစ်ခုချင်း ဈေးနှုန်း)","domTranslate+i18n","yes","i18n key: unitPrice"
"441","Unknown","မသိ","domTranslate","yes",""
"442","UNKNOWN","မသိ","domTranslate","yes",""
"443","Up to 4MB per photo · hover a thumbnail to delete · on mobile the camera opens directly.","ဓာတ်ပုံတစ်ပုံ လျှင် 4MB အထိ · ပုံသေးပေါ်တွင် ရွေ့ပြီး ဖျက်နိုင်သည် · ဖုန်းတွင် ကင်မရာ တိုက်ရိုက်ဖွင့်သည်။","domTranslate","yes",""
"444","Update","မွမ်းမံမည်","domTranslate","yes",""
"445","Upload","တင်မည်","domTranslate","yes",""
"446","Upload device photos","စက်ပစ္စည်း ဓာတ်ပုံများ တင်မည်","domTranslate","yes",""
"447","User","အသုံးပြုသူ","domTranslate","yes",""
"448","User Management","အသုံးပြုသူ စီမံခန့်ခွဲမှု","domTranslate","yes",""
"449","Users","အသုံးပြုသူများ","domTranslate","yes",""
"450","Vendor","ပေးသွင်းသူ","domTranslate","yes",""
"451","View","ကြည့်မည်","domTranslate","yes",""
"452","View active repairs queue","ပြုပြင်ဆဲ စာရင်း ကြည့်မည်","domTranslate","yes",""
"453","View finance overview","ဘဏ္ဍာရေး ခြုံငုံ ကြည့်မည်","domTranslate","yes",""
"454","View part details","အပိုပစ္စည်း အသေးစိတ် ကြည့်မည်","domTranslate","yes",""
"455","View ready for pickup","ပြန်ထုတ်ရန် အသင့် ကြည့်မည်","domTranslate","yes",""
"456","View Repair History","ပြုပြင်မှု မှတ်တမ်းကြည့်မည်","i18n","yes","i18n key: crmViewHistory"
"457","View technician KPI","နည်းပညာရှင် KPI ကြည့်မည်","domTranslate","yes",""
"458","Visual Status Pipeline","ပြုပြင်မှု အဆင့်ဆင့် ရုပ်ပုံလိုင်း","i18n","yes","i18n key: pipelineHeader"
"459","Warning","သတိပေးချက်","domTranslate","yes",""
"460","Warranty Dates","အာမခံ ရက်များ","domTranslate","yes",""
"461","Warranty Health Status","အာမခံ ကျန်းမာရေး အခြေအနေ","domTranslate","yes",""
"462","Warranty Policy","အာမခံ မူဝါဒ","domTranslate","yes",""
"463","Warranty Watch","အာမခံ စောင့်ကြည့်မှု","domTranslate","yes",""
"464","Warranty Watch Clear","အာမခံ စောင့်ကြည့်မှု ရှင်းလင်း ⚠CONFLICT(အာမခံ စောင့်ကြည့်မှု)","domTranslate","yes",""
"465","Work Intake & Active Tickets","လက်ခံလက်မှတ်နှင့် ပြုပြင်ဆဲ လက်မှတ်များ","domTranslate+i18n","yes","i18n key: navIntakeFull"
"466","Work Intake & Tickets","လက်ခံလက်မှတ်နှင့် ပြုပြင်ရေး","i18n","yes","i18n key: navIntake"
"467","Work Order #","ပြုပြင်ရေး အမှတ် #","i18n","yes","i18n key: orderNumber"
"468","Work Orders","မှာယူမှုများ","domTranslate","yes",""
"469","Yes","ဟုတ်သည်","domTranslate","yes",""
"470","Yesterday","မနေ့က","domTranslate","yes",""
